{"CSI" : [38.99019335553771, -76.93567957545037 ],
"BPS" : [38.98897208479122, -76.94243074052699 ],
"IRB" : [38.98927040162315, -76.93647168655747 ],
"PHY" : [38.988671242333105, -76.94005931539346 ],
"AJC" : [38.99213335572067, -76.93774880190101 ],
"KEY" : [38.98426543580832, -76.94028281592759 ],
"CHE" : [38.99057212039838, -76.93865271777864 ],
"ESJ" : [38.98738036382343, -76.9416550042863 ],
"TLF" : [38.984828855535596, -76.94268014846583 ],
"LEF" : [38.984104292783506, -76.94336990058407 ],
"MMH" : [38.98509169302047, -76.94018762941988 ],
"VMH" : [38.983140278185374, -76.94648887359939 ],
"JMZ" : [38.98679910773766, -76.94371469503042 ],
"WDS" : [38.985320632154135, -76.94139167359934 ],
"SYM" : [38.98727814594397, -76.94028562148111 ],
"TWS" : [38.986142848886615, -76.94795397730165 ],
"ASY" : [38.98524289457274, -76.94689283735867 ],
"PLS" : [38.98896230643452, -76.94063356010689 ],
"SQH" : [38.98227467895113, -76.9432209177788 ],
"HBK" : [38.98823171145512, -76.94116969449632 ],
"ATL" : [38.99095350268071, -76.94149969688148 ],
"TYD" : [38.98500071564263, -76.94352101777872 ],
"EDU" : [38.98695746791748, -76.9470933521682 ],
"SOM" : [38.98525271156348, -76.94511636195816 ],
"CCC" : [38.99237312243445, -76.94256606195798 ],
"KNI" : [38.98709732817716, -76.94798044661448 ],
"ARM" : [38.98619512779226, -76.93774266064095 ],
"MTH" : [38.9890810278652, -76.93921710190104 ],
"EGR" : [38.9890087279845, -76.93734801037387 ],
"AVW" : [38.99090410277395, -76.93576398524029 ],
"KEB" : [38.991345368517834, -76.93812024608046 ],
"JMP" : [38.99067879813829, -76.93934236434323 ],
"SPH" : [38.993679122553374, -76.94239475455316 ],
"MCB" : [38.9882434470627, -76.94262035270212 ],
"CEN" : [38.99238446119878, -76.94164944661446 ],
"BRB" : [38.98913214945131, -76.94241856989683 ],
"SKN" : [38.984945272658756, -76.94139469079404 ],
"CHM" : [38.99004622627315, -76.93960231777858 ],
"EGL" : [38.989329292618244, -76.93740308894273 ],
"SHM" : [38.98410897462926, -76.94186592386633]}